0005c487f64b536a22cf61c670038c2a4ad39f5f	Source_Files/TCPMess/Message.h
005a8151fb8e0352b9f21f671b61d04f32c4c296	Source_Files/RenderOther/sdl_fonts.cpp
01c786069abe4e36e33cf8834fdc54cbb6c0df8a	Source_Files/Network/network.cpp
02434fadd695dbdd77de14a06d88a67f4a36b490	Source_Files/RenderMain/OGL_Win32.h
02d26cd493d3cea7b60f3e85d68fd90904f58c81	Source_Files/Network/SDL_netx.cpp
0375d744f56c797a2ba149b70cdddbda5fbc9478	Source_Files/Misc/vbl_definitions.h
03910f090c10c471c37215f1689fa9dcd9cac007	Source_Files/Network/network_games.h
03abd03081eae65366c6145d9993295524403ef3	Source_Files/TCPMess/MessageInflater.cpp
04cac3597fab7818b54640e7a705188946c9dee0	Source_Files/Network/Metaserver/metaserver_dialogs.h
04ef8bf08c07c67ce5f1ac487114aa7ea2aace28	Source_Files/Sound/SoundManager.cpp
0521cc94107aff0ca13e1e28051850075238886b	PBProjects/confpaths.h
06ebf2fe925fdcef0f2780f130bd26303b96e235	Source_Files/Network/network_speaker_shared.cpp
08312d8dca27a91a22fdfb03b601fe0660bab023	Source_Files/Lua/language_definition.h
08ffab199a7c8580bca316f0e077d0e1bf6a2904	Source_Files/GameWorld/player.cpp
0a2f4150006e820e24d809ec8f744af3b78bfbf1	Source_Files/Lua/luaconf.h
0c0024dbbb1240c47fe5b8e9296dd8c2a4d39a87	Source_Files/ModelView/WavefrontLoader.h
0c473f134062ee019524782954344a40695d7138	Source_Files/ModelView/ModelRenderer.cpp
0c79164f2d3672094b9739cdb242fdfd34e299a5	Source_Files/Lua/lmem.h
0db3837a367b0b4c57181a4389fab2cb1b4df16d	Source_Files/Sound/ReplacementSounds.cpp
0ea9fcd466b64e9587620e1c5f5d5c3b7900bf57	Source_Files/RenderMain/render.cpp
0efb3f0d69f921ded522b965f402f6ea33a646e5	Source_Files/Misc/preferences.h
0fcb3686e804ec529a49f417b91dcd02b1ac1d9d	Source_Files/RenderOther/FontHandler.cpp
1007ae1637c65a7a31111656c03d1de54eee0c99	Source_Files/RenderMain/scottish_textures.cpp
103738b90f7f4eab518c2934a8b8781c7ce33ed8	Source_Files/XML/XML_ElementParser.cpp
10464c02b997f297c6fb3caad63ee6a959dc6259	Source_Files/Misc/Scenario.cpp
10e1736a4421c5578fea46917da9b0ba404db3e1	Source_Files/RenderMain/RenderVisTree.cpp
114303484b19591eff6550f63ae84433e94ba670	Source_Files/RenderOther/OverheadMapRenderer.cpp
11e78fac34a04f65a1a34c5c5eff6d872971c51a	Source_Files/RenderOther/HUDRenderer_OGL.h
12e32573bbca7b4c5b683e6e276bf7d2f2253402	Source_Files/Files/crc.h
131a83adec4131df09bc4c7b4bdcd93ce7f34eb4	Source_Files/GameWorld/media_definitions.h
14364adc9ed9edcbaf7a789977efd34d66403956	Source_Files/Network/network_distribution_types.h
1440ffce3c3eed4a435ef71e443453c4200143df	Source_Files/Misc/WindowedNthElementFinder.h
1441bbffd4caf2888e9c91377e29e6368c55b52c	Source_Files/RenderOther/TextStrings.cpp
14aa29a207ecd8a2229b68cf272c29a1adecc7fa	Source_Files/XML/XML_Loader_SDL.cpp
14aafc03c6dc07554b029f493b639bbb8dd5cacf	Source_Files/Files/game_wad.cpp
14e7860c68d70a8802c43564bdb7250cfcbdd44a	Source_Files/LibNAT/utility.h
16354f678882447445e6e766c0d7839b8c37ed9f	Source_Files/RenderMain/OGL_Subst_Texture_Def.h
16e2760c6684aab8f4f837d98dc4d0f64663c927	Source_Files/Network/network_microphone_sdl_alsa.cpp
172801cb0ba43e5a3b2778145492bfbbe75a541f	Source_Files/Misc/psp_sdl_profiler.cpp
1767995ab8db72b9e74b3b8d31921c269b625dd6	Source_Files/Sound/SndfileDecoder.h
1976082f57dbb5241aa6628042f19f3fe6bf23f0	Source_Files/GameWorld/flood_map.h
19ff960076bfb7a3c50ec33fa6e91609335b0323	Source_Files/shell.cpp
1a10576d0d69e3c2941b24a7af8f969cce3246fb	Source_Files/RenderMain/Rasterizer_OGL.h
1a1369eb0b39bab9bbc475a5c47f66f8cb485180	Source_Files/Misc/thread_priority_sdl_posix.cpp
1b03fab66e4c4da52d56b0164c4e9763f40e9dad	Source_Files/RenderMain/Crosshairs_SDL.cpp
1c53ddb0a0e11a0b3ec548bb7b01eb188c75a605	Source_Files/Network/network_dialogs.h
1d03c664a05ba9e4816f199e9212cdb8c4076180	Source_Files/ModelView/Dim3_Loader.h
1d1409517e64299e26eabdcc8b23ae05a2d91db2	Source_Files/RenderOther/images.h
1d2f1dacf753a7d310f7cd77760f6bf9ce50a76c	Source_Files/Network/network.h
1dada65c0cdcbfb474a35c77e287d6d25f04e07c	Source_Files/LibNAT/os_common.h
1e6d8bc6999f0c4b564a8c35ec28a51d0234949a	Source_Files/GameWorld/devices.cpp
1efc6de8dc460eb869127b4f55a565f7adb55f84	Source_Files/XML/XML_LevelScript.cpp
1f3771fa67ec3e8144722a1ebff5f349a45d8d18	PBProjects/SDLMain.h
1ff72a09582d2402c1a36a6d2988f20cf150782a	Source_Files/XML/XML_DataBlock.cpp
1ff7f978b263045a42ffe6f7fec7b41fb5b26ed6	Source_Files/Network/network_speex.cpp
20399ce3741c5c62ceff3fe9ccc4665f6dc7701b	Source_Files/GameWorld/weapons.h
21375735a6730c4dc6fd30797e64a367dbc3bcf9	Source_Files/Lua/lua_objects.cpp
2358585027f01ddb5f84bf387f0dc1c3f7130146	Source_Files/Sound/Mixer.h
23f5b829c96d4305a4d53f9bdbcc5010fa53f714	Source_Files/Misc/PlayerName.h
2544a04febcd6539a32f98073d2e6df6f3f0c695	Source_Files/Misc/Logging_gruntwork.h
25649f4e984a2f4e60b61abed78b694c7379812c	Source_Files/RenderMain/RenderRasterize.cpp
2669cc233959f90ad1eaa0073c406d53a7836a7c	Source_Files/ModelView/WavefrontLoader.cpp
26f2d470c4505be4df5ed1253d0600539cc9f81f	Source_Files/Sound/SoundManager.h
27732d1bf4fdd0542a7e53a560a316302cb0218e	Source_Files/GameWorld/player.h
2821f2f8b4825b2985928b22f30953e1e4f8a9f5	Source_Files/RenderOther/ChaseCam.h
28b1bf666f118569a39439075805f3062bdd5f53	Source_Files/CSeries/csalerts_sdl.cpp
2a31f3b9029620526449598f800d379279090e86	Source_Files/CSeries/csstrings.cpp
2b16468637a91384dbe154ea4d1c229c78bf8513	Source_Files/RenderOther/computer_interface.cpp
2bb23bf9225ba3c7743276775a4abf7daa089df2	Source_Files/CSeries/mytm.h
2c1f431a1a3a37c222a8b6bacdddd90665a3aec0	Source_Files/Misc/Logging.cpp
2cc65453421f915ed3daea411b2b0072c0a5c3aa	Source_Files/Lua/lua_projectiles.h
2cf0402ec29b589be33eae4f91b3139d8d561f68	Source_Files/GameWorld/monster_definitions.h
2dd597bb3c9955e1d9c37855da07776d22cfcdeb	Source_Files/Misc/thread_priority_sdl.h
2e624e391de1d02ad85f859b9a569bfef63152a1	Source_Files/LibNAT/libnat.h
2e7d22503b7821531fdee81d8f7a74181ac58489	Source_Files/RenderOther/screen_drawing.h
2ec19525a9f996ba6c33fc8d141ef8a0aa133875	Source_Files/Files/preprocess_map_shared.cpp
2feabbc05be67a758a9fdb4281a9af4898be72e5	Source_Files/Network/network_dummy.cpp
30c26028eea3b08c2cd09e98cb7e3f912edd00a7	Source_Files/RenderOther/ChaseCam.cpp
314b678a53ff7e7ca3acdff3e976a2a9bbf62ea9	Source_Files/RenderMain/scottish_textures.h
3155da5d48897dd514f3432d72ba6c7b724b78d7	Source_Files/RenderOther/ViewControl.cpp
31d637f429b1f685d6c9b1a31bf830fc411a1337	Source_Files/Lua/ldo.h
32575a535ea5612359a5ed5f71107307dab0e5cd	Source_Files/Network/Metaserver/network_metaserver.h
3293ac48424102c283229f88e19893ee172f2e05	Source_Files/XML/XML_DataBlock.h
333fa2dba4ff450cb985aa675771203dd1a12e9f	Source_Files/XML/ColorParser.cpp
34c6455dab6af17478a6e7f6825744efaf09eb9f	Source_Files/RenderOther/OGL_Blitter.cpp
34de35e2238760794f4a208cc6e49d7179e7f4cf	Source_Files/Lua/lobject.h
3566bdb733ef4e219f953c5234a36e8ac17d8cbe	Source_Files/Network/SSLP_API.h
35bdcfebd726f93badcefaac12262b6abc967732	Source_Files/GameWorld/map_constructors.cpp
35d7314093f350d0212f5995e85dd4ff75013db8	Source_Files/Misc/preference_dialogs.cpp
37fbc9418eba6dbe591f9a74e2b5f594fe58be81	Source_Files/Lua/lstate.h
380a427898ad954b7904d37a4fc5d2a3d1b26dac	Source_Files/Files/crc.cpp
3902f48a363b65d39304f6eb8d21e43bfed27b43	Source_Files/CSeries/snprintf.cpp
39404ada3aec217de07e538aa6cf49f1a4bd78a0	Source_Files/CSeries/cstypes.h
394c29cb88f644d6e0caa7f13819f842cf7e38f6	Source_Files/XML/XML_MakeRoot.cpp
3974955361cf4ef71d1ef62db068faf5ddb53aa8	Source_Files/XML/XML_ElementParser.h
3ae873a2afddcf7756434c8f0101b48e2e7e2305	Source_Files/Lua/lua_map.h
3c328520c6ee917dba15831796d5515168fe4ac0	Source_Files/CSeries/cscluts.h
3cc47bba4ea63257fb8ca6c68528343d482e9cd6	Source_Files/Sound/SndfileDecoder.cpp
3dfc2d2577203b7816fe3ea66673e268f1a5eec6	Source_Files/CSeries/cscluts_sdl.cpp
3ec011e26c7d418355eee66c42bf18c8f2105427	Source_Files/Misc/PlayerName.cpp
3ee62715bb0a612ae539297ed3f9b460fb0af519	Source_Files/Network/network_dialogs.cpp
3f032a35a68acb35a7dceaf91404e55f66bd6f5f	Source_Files/GameWorld/projectiles.cpp
40e27bd5d90303cda5ceece2e73bd4ab6170f31e	Source_Files/Misc/psp_sdl_profilermg.cpp
425aaba2f3c9ab181b748395e5f2af86410a2024	Source_Files/Network/Metaserver/metaserver_dialogs.cpp
43ad8a63d1ef278c68a9634ed4271cf0342826ec	Source_Files/GameWorld/world.h
440f34bc64b68df962eaa420ce6729dc33ef02af	Source_Files/Network/SSLP_limited.cpp
44d384c8ff64ff1e957dd682fe17dd34d8a05f0d	Source_Files/Files/wad_sdl.cpp
44db18d98889bc5e94888dcc95ae251bbbc9d920	Source_Files/shell.h
465f14595832baa0ec591d13aeeca7dfa35755b5	Source_Files/RenderMain/Rasterizer.h
4671add885c43647bcbd50fbfa04dd5e13d1a21a	Source_Files/Misc/interface.cpp
46f7f86e9ee5085e0439fa5e9cbc7cff8c487035	Source_Files/CSeries/csdialogs.h
475be385aea1a50bff2e712e610e8fa811d89ced	Source_Files/Files/filetypes_macintosh.cpp
4797e2ccbd88b385b5ef870ea7479c9edc68d4ca	Source_Files/Lua/llimits.h
48754a2c067df08d30abea3129cf3f46696188ed	Source_Files/Misc/vbl.cpp
4a5edd4544ca4635d04a190398f288411e425fb7	Source_Files/Sound/Decoder.h
4af4f14ad578823b7c4451e8ac7fdb833d767c3c	Source_Files/Lua/lapi.h
4baf6b3f68ed016242789d475a914a19d248c590	Source_Files/RenderOther/screen.h
4bd715865b54f4800521babc5f936b497162d9fe	Source_Files/GameWorld/editor.h
4cbf0e595a41f561468a2732b1cee7b5757c1491	Source_Files/LibNAT/http.h
4cbf119bc125c60bed1aced4585553bbaa1ddfee	Source_Files/Sound/SoundManagerEnums.h
4cf2aa7a23215e3eaa722d1a9d34c31a07125391	Source_Files/Input/mouse_sdl.cpp
4d69bf93a547f16168675d776c406ba905e87b02	Source_Files/Lua/lcode.h
4e5829cab821b31013c581aac352a0555b0e78c9	Source_Files/RenderOther/OGL_Blitter.h
4e684cc468f1bba0bf73bc998aaea122625950a3	Source_Files/Lua/llex.h
4e73cfa1f66193147e7a16118912c7b5d681728d	Source_Files/Network/network_capabilities.h
4e75ceeecfd90778c3f26971da276612029f8c84	Source_Files/RenderOther/motion_sensor.cpp
4f0ea4cd7f4a9afd60e9e1629a7da58a479afa75	Source_Files/Network/network_microphone_sdl_win32.cpp
4f47043237541adcff4ab48dfb056fe69580668e	Source_Files/Misc/psp_sdl_profiler.h
50acba0a4f4261489986aa3bc4c78056c4b9bf31	Source_Files/RenderMain/OGL_Render.h
51570114fa0b46918e2deae1bb2ba41a1e889954	PBProjects/precompiled_headers.h
5204b39a340cd4b8ec5a597635ae9f4b398eb0a1	Source_Files/Input/psp_mouse_sdl.cpp
53f1b28e95161a939e4e0d6b3cb54d14939b4299	Source_Files/Misc/Random.h
5539282c081b4652bf343e0428ce0c2eaca7711c	Source_Files/Lua/lua_monsters.cpp
5625243ea99793a13fa2e412d235633f5ca30d3a	Source_Files/RenderMain/DDS.h
56326bd0a83993d7e80c5c5cca144a1011c2a799	Source_Files/RenderOther/fades.cpp
5660b9647e0939280f86ff6d9b2f821086cd2b43	Source_Files/CSeries/snprintf.h
5879e61311b8afade24f1bf1d3bfd0440e9c22e9	Source_Files/XML/XML_Configure.h
58d7495382054850a6fa9756936b012454b62215	Source_Files/Misc/shared_widgets.cpp
59262c110235bc949f974aaeca7c5a02fa285d7b	Source_Files/Network/network_data_formats.cpp
59a201d4f7ba8fe8947fd0df22373fca4571d0b9	Source_Files/TCPMess/CommunicationsChannel.cpp
59f6c0bc182f2a4281a061d8190e9f79925b3c84	Source_Files/RenderOther/OGL_LoadScreen.h
5a4c82cfe32621568b6e6850d952650e6a73fbcd	Source_Files/TCPMess/MessageDispatcher.cpp
5a9a83ad7b1ee279e43dda613b437f112fa49bc7	Source_Files/Misc/preferences.cpp
5b53db8213ce1eacf99ad6451b420c9b96fc0d2a	Source_Files/Network/Update.cpp
5b8216451656dd98ab64cdf8d1668a4f0b87eef5	Source_Files/RenderMain/OGL_Model_Def.cpp
5bf09d0181c9dafed07b4157c31186c64f11cc2d	Source_Files/ModelView/Dim3_Loader.cpp
5cd976b7695ac3db928b6a716af73a1cbaa60e80	Source_Files/RenderOther/fades.h
5ce29b07906d3fb8a8d328e3fe8580a86ff59e98	Source_Files/RenderOther/OverheadMap_OGL.h
5da8202d708548e4421b5a31db2aaaa9534e794d	Source_Files/Network/network_star.h
5e0ac344ea6fd200ac1bbd4290bbdbce837e043a	Source_Files/XML/ShapesParser.h
5e2218d8fd0af1a02610398bff2658fe36d022ca	Source_Files/GameWorld/marathon2.cpp
5e5e471ebed250d27ec9b196da8ad93a7f76b69f	PBProjects/config.h
5e8554080d1e9561780d74f37f71ebfe76dba246	Source_Files/Files/find_files.h
60144d21988c76cf98a01bb1517d01ee65e49481	Source_Files/RenderMain/OGL_Texture_Def.h
605a596d95d1ffa07dcb8d22f41849235e99932c	Source_Files/Network/RingGameProtocol.h
60e2af73ab1c27fd41bd63477500a3f8dad42580	Source_Files/CSeries/csstrings.h
62545e69ab506647a013e2a7233883c509904384	Source_Files/GameWorld/items.cpp
6257f623bf1461f7b1dfaff7c56c3f0d5f3a4c4f	Source_Files/Lua/lua_templates.h
63680eabcc0578d28139cac27baa125f3247b6bd	Source_Files/GameWorld/effects.cpp
63afb24cea24db5f4263c80a6c189883d006c44c	Source_Files/RenderOther/TextLayoutHelper.h
63e7e125f9cbd18e3443984016563bf25b4d95bd	Source_Files/GameWorld/pathfinding.cpp
658b9e9f6eb2f09a27cc1c67f236d5e96475221f	Source_Files/Network/network_speaker_sdl.h
66818b02b5123d589119a62ccf0525c0d8dd7260	Source_Files/shell_misc.cpp
692c01b3a748898a611af9d83336dd50705ac707	Source_Files/RenderMain/SW_Texture_Extras.h
6997b2c1f818c85f6e816e56fe5373dbcef9b00f	Source_Files/RenderOther/screen_shared.h
6b42ace73e431a266bc0546d119640e874c7d2b1	Source_Files/CSeries/csfiles.h
6b7c8ed1703decff6ffd8228c30a61f2fad74840	Source_Files/Lua/lparser.h
6c82023b9fd35ba2fbb1ac5645e54f8d903f2bb9	Source_Files/Network/network_speaker_sdl.cpp
6d7f0e412033e2dac4ccb630e0557a4a97590700	Source_Files/Network/network_messages.h
6dcf38db6e7567bb781d4ba37c37f97be9036e3b	Source_Files/Lua/lua_map.cpp
6e9f60449f2f018b4629b2e11bfa073214d08045	Source_Files/GameWorld/lightsource.cpp
6f1ca33333b5c57643b4a9960062818ee9bb2e06	Source_Files/Network/Metaserver/metaserver_messages.cpp
704995cf3cf45f44601648b5fe34f03770bea4a4	Source_Files/RenderOther/overhead_map.cpp
70dd277807c990ab94d0121d039ec7e67b002e1b	Source_Files/Misc/interface_menus.h
70fd8b46f96ffb9a152a93468592769586bdbffb	Source_Files/Lua/lauxlib.h
712ef976f9de67e5a968075a2408140b6282ac62	Source_Files/RenderOther/ViewControl.h
719e4394c12684ec7e090f6517760fae40fe31ad	Source_Files/Sound/Music.cpp
72a759ae7b5affdfda470509f4350bdaa4793bec	Source_Files/GameWorld/physics.cpp
7310331b456b2c4d0e043b7707b37d21985f866e	Source_Files/Network/ConnectPool.h
734517a01974e473fd50b920d6a9f0b731b8b88f	Source_Files/Lua/lua_objects.h
738648a998fdc4968e2f93386511310a95743ace	Source_Files/ModelView/Model3D.cpp
73e5ce3d17e7b0750074beae50ec02bfa959b8ff	Source_Files/Lua/lua_monsters.h
7456842d238ad9242a4a67806d37bfb15cd6daae	Source_Files/Misc/thread_priority_sdl_dummy.cpp
75276fe9124afb41063d4c2a686f2f1476c55821	Source_Files/Files/import_definitions.cpp
772b0b19f0835fac3572ca9d61fdaf9e89de6197	Source_Files/RenderMain/shapes.cpp
776b07da79be1b597ce212fe4239d3cb916f1008	Source_Files/Misc/Console.cpp
7a08c191c002087310257479cf49262396644969	Source_Files/Lua/lstring.h
7a9c0c5ca32b1c564c2254d72c7da43a8256e392	Source_Files/Files/resource_manager.h
7b0e521486df1862ebc9e9a1247462f61c1fa68a	Source_Files/Files/AStream.h
7b515a2e5a2c15f3e18cdaf913f4e80e58c6fa2b	Source_Files/RenderOther/screen_definitions.h
7c66a1710c8b26ab5eebf3f342405a2aa9599ac3	Source_Files/GameWorld/scenery.h
7cd274a2a10162e19ae8e71a176cad3546177612	Source_Files/RenderOther/game_window.cpp
7d730d702eaa2e468c7c5e0c82d92d60d79b8e5e	Source_Files/Misc/shared_widgets.h
7d9afe4706495037d56611ead7d06eb7a55082bb	Source_Files/GameWorld/dynamic_limits.cpp
7dc4838473c2529eba76454a1e2a25bedc183af2	Source_Files/RenderMain/OGL_Setup.cpp
7ebf51398111bcbf778e892c86b99af3194f8bb0	Source_Files/Misc/PlayerImage_sdl.cpp
7ec42100b0cd97410db5c2a89d6283193c399571	Source_Files/RenderOther/motion_sensor.h
7f34ee5a25c2b794841a83c9fdedb6dd3a7879e3	Source_Files/CSeries/cspixels.h
81218629c40bca18e959454e1191c370a754ab66	Source_Files/Files/Packing.cpp
8129f9b08d7f8c80eb34b81479c2a62d5bb2aa77	Source_Files/Misc/binders.h
814a538f26184adea8cd9142c18a3630c9b4baa2	Source_Files/Files/FileHandler.h
81b5f6d07e34008e275bf77f6dc3faf6d89fe959	Source_Files/Files/Packing.h
830f9cbc8bd166853b6efa7fd3391c4edce3b305	Source_Files/RenderMain/OGL_Textures.cpp
8373495213d1eb9ae6d1dbdc0174a2ba23f25929	Source_Files/Lua/lua_projectiles.cpp
8387f93ad8c1a18042ff0f594e80303c6349d2d0	Source_Files/Sound/SoundFile.h
839e364da3d3ec2093b00e2c746d757eb7d4c1d1	Source_Files/GameWorld/lightsource.h
8478580625901702331e5e7d783cf976b9b1ad6f	Source_Files/Input/psp_mouse_sdl.h
865c8f2dd823d6bbf03ecfff17511f3360c5d203	Source_Files/GameWorld/monsters.cpp
8671b3d0c20a1830865a3324a6ed4dceffc22d1c	Source_Files/RenderOther/screen_drawing.cpp
868d180be65bcd2f5f66c1888af18e8fca61395a	Source_Files/ModelView/StudioLoader.h
86be44f5e6555d258ab59b4c9acfcf127f741cfa	Source_Files/Misc/psp_logging.h
87123eb64dc582fe69b422a1393dfc100041c0a6	Source_Files/Misc/thread_priority_sdl_macosx.cpp
872f0e57d3beb036de907f335c26f2bd009213da	Source_Files/GameWorld/weapon_definitions.h
875f5ad8f4eef9ce0915e557d1182088c7493d8c	Source_Files/LibNAT/error.h
88522ce6ad8b3f8bcfe2a8d27032ab0552bc74b0	Source_Files/Lua/lgc.h
889a5386316198f09af6d5f9ee382ed9ca8bd4c9	Source_Files/Lua/lopcodes.h
88d4766bda2dc019d2d2b96c1b16c102f7911965	Source_Files/Lua/lualib.h
89c91cb0d6cc774924423e2817f73e44f34ab131	Source_Files/RenderOther/OverheadMap_SDL.cpp
8a6e540ebe59fec982bbc11c95f2030a0a306f8e	Source_Files/RenderMain/OGL_Textures.h
8abcad7d1098299d5eca15f8f42f9fa8b58352d6	Source_Files/Misc/sdl_widgets.cpp
8bb013bfaedb3c8098ad3adb924e2e3252e4314e	Source_Files/XML/XML_Configure.cpp
8bfd14be66b70e9301d609792bf44687b547df54	Source_Files/Files/FileHandler_SDL.cpp
8d45073e07f5221ca84d5bf026c27d4aca97eb68	Source_Files/GameWorld/items.h
8e3c65a22e51344d9e33b2c257751722c0745d8f	Source_Files/RenderMain/OGL_Faders.h
8f4ce76ee0d11ef06771a9fda9ba1c7790046048	Source_Files/Files/AStream.cpp
8f690523f5c3234e040fc59cd08ee9548e12f8b3	Source_Files/Network/Metaserver/metaserver_messages.h
9170c40b5be70defddab423297c6169aa6fc3b20	Source_Files/CSeries/csfiles_beos.cpp
9186fb6689cc47d228ea3956987b4ff3831ca911	Source_Files/Network/network_lookup_sdl.h
91cc9a5f6564edf025289a7fe58cac673030c478	Source_Files/RenderMain/RenderVisTree.h
91dc81603ba1e4f37b235fa2ca35f835e4d4e1a4	Source_Files/Network/network_microphone_coreaudio.cpp
9243ce724ec13e468b9e5fb374bf057d6c0d54ce	Source_Files/CSeries/csmacros.h
943c5f34c851cd80288a4c6d29f6e67564898a5a	Source_Files/RenderMain/Rasterizer_SW.h
943ca7384952c7ca841b53176f0a738f6c5de83f	Source_Files/Network/network_messages.cpp
94d5e043203e8c3686727ab17950f2e4a9e24ebb	Source_Files/Network/network_star_hub.cpp
95f8937389bdb491d137b02498928d6c4fb88733	Source_Files/XML/ColorParser.h
96a8a1c4759146150ae159e29d96bffaad80b35c	Source_Files/RenderMain/textures.h
972f1bc4c75816b987218a7d6f26367c5c0eaed9	Source_Files/Network/network_dialog_widgets_sdl.cpp
973f55ea922bc55e908cd2c840eea2bb7bb007fc	Source_Files/Files/wad.h
98594fece58147d129e2c0cebd7060d67a6a327f	Source_Files/Network/network_speex.h
98785e4dd40f7c295da62b7cd53748ad8e970064	Source_Files/XML/XML_ParseTreeRoot.h
989a6ce7f62af96b328fd70dcd6aff25e0e5af3b	Source_Files/Misc/preferences_private.h
98ac0379b955d4b98f7d68c624a2be757ca01251	Source_Files/Sound/VorbisDecoder.cpp
99461dc5a2ac26285a30dc96482aa027743b6d0d	Source_Files/Sound/ReplacementSounds.h
995a7781e75ce7ec75ed764ab739d91b03910a2f	Source_Files/Network/Metaserver/network_metaserver.cpp
9b6151d522b7c7bb82b0a1fa96759e725cbc4282	Source_Files/CSeries/csmisc_sdl.cpp
9bf6a9b6aebbfc098fc28bc6438fe48344a19065	Source_Files/GameWorld/map.cpp
9e584e1b504712733a6cac76d41c0b496fd8fabd	Source_Files/Network/network_lookup_sdl.cpp
9eb4f433dd21db4380f0b4069a921405aeaab220	Source_Files/RenderOther/game_window.h
9f498c3d34c85ac9d85633fd6066bd87c125a95e	Source_Files/CSeries/byte_swapping.cpp
9f697d856a46b01ec38d72a8e6e657b0a6904de6	Source_Files/Misc/VecOps.h
a09c28f5ac3921c4013c7515038dae43f7fae913	Source_Files/Network/RingGameProtocol.cpp
a0aea7f21b4a22e8f9b48dce81b1c52fe1595b54	Source_Files/Lua/ltm.h
a125e7819d60c45204aac819a380112f81e87e22	Source_Files/Network/NetworkGameProtocol.h
a1bd45ac92e5420cb6c5ff705356718fd759c88a	Source_Files/Misc/vbl.h
a22a7312abc341370fc338b08adeefc04ff5724c	Source_Files/RenderMain/AnimatedTextures.cpp
a262d4224853d99d5443fd37ca761e01f85ccbb5	Source_Files/Network/network_star_spoke.cpp
a2c4ac93305a23d9ff0265ed750af6f7067d32fa	Source_Files/Misc/PlayerImage_sdl.h
a3020940f3a404c4e14ee6c3b84309301a4fe378	Source_Files/RenderOther/FontHandler.h
a38b448b23b3e3597fb759cc31575c9ee238a346	Source_Files/RenderOther/sdl_fonts.h
a415996779e844e676c4b4c35eb8b1e8f5361561	Source_Files/RenderMain/shape_definitions.h
a4f29ab2787abdcd8bb2dbab2912e34f9b56d472	Source_Files/ModelView/QD3D_Loader.h
a5793502f4179def9ad22bb9c737c7cb7dc7629d	Source_Files/RenderMain/RenderSortPoly.h
a58f897388b87a17fc5a69ff482df0b04174bfb3	Source_Files/RenderMain/low_level_textures.h
a66804b4a7227f67ac19b73aa67ba3eacc73ead5	Source_Files/XML/DamageParser.cpp
a6a4556af9261c9636d3adc4591861fb5a41f557	Source_Files/Misc/sdl_dialogs.cpp
a7fe2cf5b7030a5366868a1513dd8ca1764d0328	Source_Files/Sound/MADDecoder.cpp
a850225497bfa6192410ca50a828e5db0ed46bb6	Source_Files/Misc/preferences_widgets_sdl.cpp
a85e6cd7710d8caf9cc19d8335c0b90284cb03cf	Source_Files/Misc/Scenario.h
a960b80ce00ba73667ee8eee6973236a1797da66	Source_Files/XML/ShapesParser.cpp
aa23288894029a2c440268e98c08c68ec2e69875	Source_Files/Misc/key_definitions.h
ab3b77228d94b33aa4b2979bd9607871d1656304	Source_Files/Misc/ActionQueues.h
ab4d207caac7151d62a102147c0598c43f846dfc	Source_Files/Sound/SoundFile.cpp
ab6603abe029cb8abf18bcac1b863c30005883a7	Source_Files/Sound/BasicIFFDecoder.h
acc46a3edd774a52f6de0f5316dac552c0ee1a02	Source_Files/GameWorld/projectiles.h
ace3c02835253416bdb69c729f573afca13e32d5	Source_Files/Files/wad_prefs.h
ad6cdd0a527e9ee84e5c83a8a4582798edbb8eac	Source_Files/RenderOther/HUDRenderer_SW.h
ad8f4ef9451f8373a725393481cb9936dd86b8ca	Source_Files/Network/network_udp.cpp
adbcdaf590ebe4b226665ab031d1cea1c815f21d	Source_Files/Misc/interface.h
adf769b0fe1881f9833affae04a369e81f77e4ae	Source_Files/GameWorld/world.cpp
adfe790b567448c5acbcf3b7cbda9903c8c449be	Source_Files/RenderOther/images.cpp
ae046ce3136faaa755523de03c42550249376479	Source_Files/Misc/psp_common.h
ae7a2a0da5c327e76bf6cfc57d3c6eac9259a65e	Source_Files/RenderMain/RenderPlaceObjs.cpp
afb764892d97d4046bba5630504dbe5864fabd29	Source_Files/ModelView/Model3D.h
afd426123b6fde2a96cc8c3f83ecd887ebbc9a59	Source_Files/Lua/lua_script.cpp
b0990b7a033a5c9e9d0b781a7afcbc5748c126b5	Source_Files/Sound/VorbisDecoder.h
b09f711d5d57c158c6586c18679749809a9b39b0	Source_Files/GameWorld/platform_definitions.h
b16785cf091104737fef620f4468b0d5157e5d1a	Source_Files/confpaths.h
b1719f2703990edc0ae8288b92fc3d13c28c1813	Source_Files/Sound/song_definitions.h
b1a27717368ec87358c03ce64627126c3a8a8717	Source_Files/GameWorld/item_definitions.h
b27c1b276d33c77d2d5614035fdc7f45a8c06cb3	Source_Files/RenderMain/RenderRasterize.h
b2c2269efd4be2e3642bba42fff78af29166c24a	Source_Files/Network/network_data_formats.h
b3850840ba233225708d8ad5e9030ddbf1e66a17	Source_Files/RenderOther/HUDRenderer.cpp
b3d6ee74df83d8bdb6edd279759418d5728c86ea	Source_Files/Files/resource_manager.cpp
b443abb1adb71e4124777f6f17e8ab2c8aa1145a	Source_Files/Network/StarGameProtocol.cpp
b47af9e36a464e5381d4457d74d1917fc091819d	Source_Files/RenderMain/ImageLoader_SDL.cpp
b509f1c90ce368628a0b2010cfbb9b010605910d	Source_Files/Misc/preferences_widgets_sdl.h
b5654f9949c4a05ef6cd3251a2a7dcbc41eee367	Source_Files/RenderOther/HUDRenderer.h
b58c2e594cb5dde7c62d99abc3a7038b52a17196	Source_Files/GameWorld/monsters.h
b657ef40dde7cafec534c3432eac9f29719d9944	Source_Files/RenderOther/OverheadMap_SDL.h
b67427f10c90b185a392f4b512f924ef620a17f6	Source_Files/RenderMain/textures.cpp
b6c2c4351ee13c025a88a62ab240e4af2812a5d8	Source_Files/Misc/Logging.h
b8da00b5d900e3d97b021d240e7dd1d7186073dd	Source_Files/Lua/lvm.h
b8fb1ff9aabe326aecbddfe2dcfd6decae138330	Source_Files/Files/tags.h
b933ea1d9be0556f2430a6d197743cfacf74e922	Source_Files/RenderOther/HUDRenderer_SW.cpp
ba5914ce517cc4ba8111d2d22500f0f250736c10	Source_Files/Misc/ActionQueues.cpp
ba7f2343145667860ebf8c081b733933e07ca984	Source_Files/Files/wad.cpp
bab2b0713273c26c3d225104990310b96c35aaaa	Source_Files/Network/network_private.h
baed5af1229b05add3a99d259b7e5d6d02f2bba2	Source_Files/Input/ISp_Support.h
bb3488270ec770899212e67423cf1947f39938d8	Source_Files/GameWorld/media.cpp
bb6dc0f4a051d16ae75bb0fc0aa0efb6de7fe082	Source_Files/GameWorld/media.h
bbf5222dfa05c43dfaef65d15240359095b32464	Source_Files/TCPMess/MessageInflater.h
bbfd41249850628d5bce91e78005563502fdca81	Source_Files/GameWorld/platforms.cpp
bc50942de0a8d418f616735699d460bac378a643	Source_Files/Lua/lua.h
bc683e85d048f1c1b75bea6bc123e94b9aea5fb8	Source_Files/CSeries/csdialogs_sdl.cpp
bd49fb0c07031060836a1b90c9af5a2f0c1a6a5b	Source_Files/RenderMain/OGL_Model_Def.h
bddfa594484d737a53b01c53216ffb9459fce403	Source_Files/Network/network_microphone_sdl_dummy.cpp
c1927746ee914c167e415fff58cd79cd9cfe26ae	Source_Files/CSeries/csmisc.h
c1ed3585efcba028d8aebdd225ce14b4a9e5a4b5	Source_Files/RenderOther/screen_sdl.cpp
c2525b6e362713266e171fd1182e0ab967dfa165	Source_Files/Lua/lua_mnemonics.h
c3a5a40bf9dbddc506247dfbf83762e4abc625c3	Source_Files/XML/XML_LevelScript.h
c40ee425affc8429b133727e9bb44ec54e41a0ac	Source_Files/Network/network_capabilities.cpp
c44c1986026681338106e7f0b2ff9d636efed548	Source_Files/TCPMess/MessageDispatcher.h
c44ee0d6327b7c4acc8e6f2c42613d6713802ead	Source_Files/LibNAT/os.h
c4c013ea918b6571e649b5c6fb576d439c19a14e	Source_Files/Misc/game_errors.cpp
c57a9b9db9874a44199d856e0f171ce0516bb040	Source_Files/Misc/sdl_dialogs.h
c605b69d0de7397d20d16854b099e309c2bb86f7	Source_Files/Files/find_files_sdl.cpp
c63aeaf60bbd42b29aedbd17c8ea357379847b1a	Source_Files/GameWorld/scenery_definitions.h
c7528f22fa6b1bcb45ed87cb8eb34a53077d5b85	Source_Files/RenderOther/OverheadMapRenderer.h
c7a963894bca0bcac736a9b15115f09aac996385	Source_Files/Lua/lua_player.cpp
c7b99cafdab882da62daeecc95e3ee48a97bf9e6	Source_Files/Network/network_sound.h
c7fc2507b268e8b98921ee98121929617216bda5	Source_Files/RenderMain/ImageLoader_Shared.cpp
c823735732f208e4adf520a54216bc07ec0eae65	Source_Files/RenderOther/OGL_LoadScreen.cpp
c8f8817636280bbebc9ff12f96ebafe805295e96	Source_Files/Misc/psp_sdl_profilermg.h
c93f5347f6ee2b77cb5107271b15a22102d0d3bd	Source_Files/RenderMain/AnimatedTextures.h
c9b37ebe73bbe884741f5cb487b2f63feb06e1ef	Source_Files/GameWorld/weapons.cpp
ca8b73a776bca96293a5184d4b5517aeb3930690	Source_Files/RenderMain/SW_Texture_Extras.cpp
cabcd51966850d518f34ae6ba9809e085f49369b	Source_Files/GameWorld/map.h
cae32074faccaa69bfb0713dd1f1da4491dcd015	Source_Files/Network/NetworkGameProtocol.cpp
cba0c83398b84f72429834769db41250fe34cbbf	Source_Files/Misc/preference_dialogs.h
cbac33c0c992355491b5e5a5063537ea6bec76e5	Source_Files/Network/Update.h
cbda2ed526f5da1bc6e08f7ee7049dac7639c56e	Source_Files/RenderOther/computer_interface.h
cbf74c818ee4126715dd99061b997b08dde7a262	Source_Files/CSeries/mytm_sdl.cpp
cd457e90775865a907e51bc3b1de51481e2d48c0	Source_Files/RenderMain/RenderSortPoly.cpp
cecc8d654a97a47faa173f350a24441b6f42b1b9	Source_Files/XML/DamageParser.h
cedcbc8ce21b175ed499c1cdfff7ddc7f2dd118d	Source_Files/CSeries/csfonts.h
cf5c2fd362a0315a2b4cab0f6f46334a851cb1af	Source_Files/GameWorld/projectile_definitions.h
cf9bb1695998f90748d69666e2a2de6f625704b6	Source_Files/Misc/CircularQueue.h
d02843cbde5dea60a52a0bb2009dfaa81a63b6bb	Source_Files/Lua/lfunc.h
d05e79815c1f7bfba0adf96c4f1f38c031b7bcd7	Source_Files/Misc/alephversion.h
d199d341201c709a06c2cef1582c6374c593de36	Source_Files/TCPMess/MessageHandler.h
d20ca3b06a1f80bd7f8e84d777b80079cc77d6a8	Source_Files/Network/network_audio_shared.h
d21bdfd7d63f8124f30c068b986672a31ee159a3	Source_Files/GameWorld/effect_definitions.h
d27a6e46f9ed3c4b1b977b356d1a4741819d3b87	Source_Files/Network/network_games.cpp
d325fdee8bce12cd5f9c3eb975c1e29be06d2e53	Source_Files/RenderMain/Crosshairs.h
d3b55c83b93547a894802734096250380024ad6c	Source_Files/RenderOther/HUDRenderer_OGL.cpp
d4cb50320732d60a0010452b923ad88570686f4b	Source_Files/Lua/lua_script.h
d50831edd040501c6c3f935dbb5e5dbe605c5208	Source_Files/Misc/progress.h
d56b61947c9fc592e473a3df7951cea19a56098d	Source_Files/CSeries/byte_swapping.h
d5c306e0f40b4e8765f95aa23686560c7f8e80d5	Source_Files/Network/network_microphone_shared.h
d70467b9573ba0c0a4fcbbd9668f6f3e21dd3c62	Source_Files/RenderOther/TextLayoutHelper.cpp
d70ad5fb5b034c1102bb4a4122e87787d5417b7f	Source_Files/Misc/AlephSansMono-Bold.h
d7d6a9c125fe7a3318d6f155be873e2010035856	Source_Files/Lua/ltable.h
d81d5d6e2cfcd256f9fc1f4dac4e8b0edb646c24	Source_Files/RenderMain/OGL_Win32.cpp
d855573e421052f9a0ab32dba5bae5d72abc5be1	Source_Files/LibNAT/ssdp.h
d92fd846c7d9da30542bb98a8b4c8df473f9e7b2	Source_Files/Input/mouse.h
d9811f3357d7928cdbab7e0981d8067f0cb2849f	Source_Files/Sound/Music.h
dd9f7fef13b9aec42a49b8e202d9f846298720de	Source_Files/Network/ConnectPool.cpp
ddb85ef757cbd8e24b6b85976f9dd52e51eb8dcb	Source_Files/RenderMain/OGL_Render.cpp
e0af0f6677c03f96fff095f5fc53391e867d269b	Source_Files/Network/network_microphone_shared.cpp
e36f544cce37a98f16179dc9c3c5155025fb8464	Source_Files/Network/Metaserver/SdlMetaserverClientUi.cpp
e3b691345e1dd2a777b123fd20ad007634ce6d03	Source_Files/Lua/lundump.h
e4808a3221ec280d2d2d8376ff7d2f03e82ec12d	Source_Files/RenderMain/RenderPlaceObjs.h
e4a67585ab9d5b431859d2ee9450cc8e3d632951	Source_Files/RenderMain/OGL_Setup.h
e4c85005454bb5a895bd623a4717e4098f7db613	Source_Files/RenderMain/OGL_Faders.cpp
e6ea8c12037b613ca88b0a32b3216af0035e5fad	Source_Files/Misc/CircularByteBuffer.h
e75c61902b7ef7a6a8232dc5803b756391e525b3	Source_Files/GameWorld/scenery.cpp
e7bd095acd63892459a8622c52cf39d22e1beb30	Source_Files/GameWorld/TickBasedCircularQueue.h
e8173afff68177ec61be6e13d7440ee729f50939	Source_Files/Files/game_wad.h
e97bbd9179ff4ca54673662069125b20f337d107	Source_Files/TCPMess/Message.cpp
e99c429c6dc6f3eba454dc119d881a34c7e0133a	Source_Files/CSeries/csalerts.h
ea4ad83551c092f28f06d0b4322d97e31eb9dacb	Source_Files/Misc/sdl_network.h
ea6f104ce90d716d628faad105f275674a1f9ab5	Source_Files/RenderMain/render.h
eaa5cb76ee672da71bed262227b5388bf5db9d62	config.h
eacefe6367d1415538b0408e5d5235fc59f397c6	Source_Files/Misc/CircularByteBuffer.cpp
eb02e612328996390384fc4c496d7db46734b0d2	Source_Files/Files/preprocess_map_sdl.cpp
ebc3d304c5607f5cc9a41a39e17626c7cf273eb4	Source_Files/Network/SDL_netx.h
ec792038d10c90b3f8f18af6ea3b8d26ed22591e	Source_Files/Sound/BasicIFFDecoder.cpp
ec8d25fe54eddefbfca600b95a37fb2dc2ee7a4d	Source_Files/Misc/sdl_widgets.h
ecd281cee11f3bebc16df152ca8059e9afcb6022	Source_Files/Misc/thread_priority_sdl_win32.cpp
ee11dd016110ea37cf6c613ef58cffb33bdc6497	Source_Files/ModelView/StudioLoader.cpp
eefa387dc2dd738fe5dab955bb8932a05b14bdd5	Source_Files/CSeries/cseries.h
efe9c6e3c02b62f257ca197947686b02f246623b	Source_Files/Misc/Console.h
f076e9f3a27b5500f39790f0dac33d80ee04434e	Source_Files/Lua/lzio.h
f0aa465ac25a8322a1ad1cbb13f772c88f202c8d	Expat/xmltok/nametab.h
f165982f4d87404cfa4be96901a3e83f003ed38b	Source_Files/GameWorld/placement.cpp
f21c3408002daecbeb5651570926011138de278e	Source_Files/GameWorld/effects.h
f4bee6611c5b47a0f2edf17757fa2b028b9e6455	Source_Files/Network/StarGameProtocol.h
f4e3b83dfe714700fa29f81137e9a748b5125550	Source_Files/GameWorld/dynamic_limits.h
f529f513a7e5ce98a2f1d4252ab35ac0ccd8ce8a	Source_Files/Misc/DefaultStringSets.cpp
f64ab227b1d64232278d32ac9e088d2cf2746a87	Source_Files/Misc/game_errors.h
f6a7ff11a5e942253e876d66c7bbcb98dbfc15cb	Source_Files/GameWorld/platforms.h
f6aa9f74439177ada2e4d63d1a0869fc3d44fb1b	Source_Files/Network/SSLP_Protocol.h
f6b72c0051a253c7c5c52f9c34c69fc888007d98	Source_Files/RenderMain/OGL_Subst_Texture_Def.cpp
f71fb4df51daf14d79d7fc581f2023160816e81b	Source_Files/Sound/MADDecoder.h
f72aa8460e5a36e532f90d9eb1358c9aa5b2feab	Source_Files/GameWorld/flood_map.cpp
f72c627a553978d75b79fa454bd6e0e50e093b16	Source_Files/Sound/Decoder.cpp
f73fa49bf678d7f01d74159354df2366e3f245c2	Source_Files/RenderMain/collection_definition.h
f785a8135558fef9090a4a9437b51b7dadffcf6f	Source_Files/RenderOther/overhead_map.h
f7c54ce7a8a3c6859ce3feafc0a56048cc6e9319	Source_Files/RenderOther/OverheadMap_OGL.cpp
f82309c0e61b29b3997263f87bc0a00a08e528fa	Source_Files/ModelView/ModelRenderer.h
f827f5aa451518e7a27247afe3a0d44d828e65c0	Source_Files/RenderOther/TextStrings.h
f8c86ace3f9335fa0e08313f5b24aa3cd2220a32	Source_Files/Lua/ldebug.h
f94959d6fbf8b1f55676871aa5d887730fcc0e40	Source_Files/GameWorld/physics_models.h
fa57da80635b0678eaf3c11e5df6626b5e8f598c	Source_Files/XML/XML_Loader_SDL.h
fa829422f7b61ac963285d9ddb5cbdb95db0cfa5	Source_Files/RenderMain/ImageLoader.h
fb8d70ea892dba8701ad9d38f8567e8ef0038acc	Source_Files/Files/wad_prefs.cpp
fc0fda6adfc401a9f8be90751c5a86586b24c912	Source_Files/RenderMain/shape_descriptors.h
fc1006986f5a647e90fa2e578650eb3b28b26be1	Source_Files/Lua/lua_player.h
fc163826a13c3d919025a1a67de2d6f3281c5af1	Source_Files/Files/extensions.h
fda490f756076bd63d90bcfb03e0f2bdcebff258	Source_Files/Sound/sound_definitions.h
fdd97063ee348f9da3e4a34b0e9abf1c81a534b1	Source_Files/TCPMess/CommunicationsChannel.h
fdeaf49b5e8ff0902a6728414d6dc9ff8822ed6d	Source_Files/Network/network_dialog_widgets_sdl.h
ff243f4d36c8a10b56c18bb736d9d10f3c609a87	Source_Files/Sound/Mixer.cpp
ff29e8e0e8bb1a8d73a52a6225356a5b51a1c3bf	Source_Files/TCPMess/MessageHandler.cpp
